Date,USO,XLE,XOM,CVX,BWET,LNG,LMT,NOC,RTX,ITA,PLTR,KTOS,GLD,HGER,REMX,SCO,TAIL,SPY,QQQ
2026-03-02,87.19,56.6697,154.22,189.6,73.22,248.93,676.7,768.02,212.16,250.4175,145.17,90.72,490.0,29.25,103.2,12.91,11.5789,684.5106,607.3242
2026-03-03,90.2,56.1531,151.83,188.77,63.5,246.07,667.82,759.11,206.52,244.8211,147.22,88.95,468.14,28.86,94.93,12.44,11.6435,678.4771,600.8224
2026-03-04,91.56,55.8253,149.82,186.03,67.08,248.98,664.48,753.84,208.82,246.8098,153.19,89.13,471.8,29.07,97.86,12.17,11.5441,683.264,609.9809
2026-03-05,96.31,56.1134,150.76,189.9,61.97,249.54,655.0,740.01,203.86,239.8843,152.67,85.54,466.13,29.45,93.4,11.58,11.5739,679.4544,608.1431
2026-03-06,108.77,56.2028,151.21,189.94,57.48,255.15,671.77,756.13,209.76,242.0429,157.16,87.0,473.51,30.31,92.53,10.5,11.7329,670.5487,598.9947
2026-03-09,104.33,55.9544,150.44,189.44,61.68,250.8,664.15,747.34,208.23,241.8331,156.43,92.47,472.53,29.8,94.7,10.61,11.6286,676.4227,606.9946
2026-03-10,105.86,55.2391,148.13,186.29,65.75,245.76,651.22,734.98,207.0,239.5645,151.14,88.96,477.86,30.3,96.49,10.14,11.6236,675.3356,607.0046
2026-03-11,108.05,56.6101,151.58,191.79,73.1,250.32,649.47,733.18,207.26,238.5252,151.6,88.92,476.24,30.9,96.92,9.58,11.5491,674.488,606.9247
2026-03-12,118.39,57.1367,153.53,196.97,62.85,253.84,652.83,736.3,203.04,231.3399,153.5,89.46,466.88,31.2,93.81,8.61,11.6633,664.2459,596.5079
2026-03-13,119.89,57.3255,156.12,196.82,59.56,252.27,646.0,733.71,204.52,229.1912,150.95,87.53,460.84,31.02,89.51,8.51,11.6931,660.4862,592.9723
2026-03-16,115.03,57.5242,157.23,196.84,74.91,251.29,645.2,735.96,206.06,232.659,152.72,89.53,460.43,30.63,90.1,8.75,11.6037,667.2079,599.6239
2026-03-17,118.84,58.1302,158.81,197.97,73.38,251.5,636.33,724.03,203.33,232.9,155.08,95.31,459.27,30.95,90.12,8.34,11.5938,668.963,602.5502
2026-03-18,121.67,58.0507,157.59,198.61,77.51,266.22,642.28,724.84,204.56,231.43,152.77,93.04,444.74,31.15,86.67,7.93,11.7031,659.6285,594.1509
2026-03-19,117.36,58.9747,158.16,201.44,79.87,281.87,637.51,714.15,200.73,227.32,155.68,92.78,426.41,30.67,82.95,8.15,11.713,658.003,592.2732
2026-03-20,121.43,58.925,159.67,201.73,94.11,280.89,627.43,706.95,198.16,222.56,150.68,84.62,413.38,30.7,79.1,7.93,11.76,648.57,581.327
2026-03-23,110.56,59.63,161.13,205.21,92.8,287.2,616.25,680.0,194.82,223.35,160.84,83.69,404.04,29.44,83.63,8.76,11.63,655.38,588.0
2026-03-24,114.54,60.84,165.38,206.79,103.76,294.58,610.17,682.16,194.0,222.64,154.78,77.49,404.13,29.88,84.62,8.21,11.63,653.18,583.98
2026-03-25,113.39,60.57,163.26,205.15,95.64,284.39,624.2,691.21,195.0,225.86,154.96,79.98,416.29,29.89,89.15,8.39,11.62,656.82,587.82
2026-03-26,117.26,61.52,165.43,207.79,112.0,291.4,627.33,691.99,192.85,220.12,147.56,75.86,400.64,30.12,84.6,8.06,11.75,645.09,573.79
2026-03-27,124.2,62.56,170.99,211.15,119.06,296.91,615.84,679.0,189.71,216.04,143.06,71.94,414.7,30.79,86.1,7.83,11.925,634.09,562.58
2026-03-30,129.83,61.96,171.47,210.71,122.32,293.64,598.57,671.59,187.15,210.79,137.55,65.28,414.58,30.96,85.48,7.71,12.01,631.97,558.28
2026-03-31,127.25,61.26,169.66,206.9,98.5,283.76,604.39,682.24,192.9,218.75,146.28,70.51,430.29,31.01,88.0,8.32,11.71,650.34,577.18
2026-04-01,124.09,58.97,160.78,197.41,116.32,275.84,617.64,697.0,194.72,223.64,146.49,67.7,437.82,31.08,88.53,8.79,11.615,655.24,584.31
2026-04-02,137.92,59.25,160.69,198.97,132.01,281.16,622.79,702.5,196.21,221.91,148.46,67.31,429.41,31.27,88.9,8.21,11.625,655.83,584.98
2026-04-06,138.94,59.68,163.37,198.86,140.66,284.05,637.9,695.79,198.41,225.2,147.93,74.09,427.65,31.35,88.44,7.93,11.54,658.93,588.5
2026-04-07,138.08,60.16,163.91,201.54,138.24,284.27,627.7,690.5,197.92,223.3,150.07,71.96,431.81,31.36,89.09,7.9,11.595,659.22,588.59
2026-04-08,124.58,58.05,156.22,192.89,148.22,275.21,628.5,687.47,203.48,232.17,140.76,74.46,434.53,30.96,93.6,8.1,11.35,676.01,606.09
2026-04-09,126.96,57.33,155.04,190.36,169.97,265.77,623.87,690.57,203.19,231.76,130.49,68.33,437.91,30.96,93.2,8.08,11.29,679.91,610.19
2026-04-10,124.82,56.94,152.51,188.55,162.94,265.54,613.72,673.73,201.56,229.64,128.06,70.34,437.13,30.76,94.5,8.07,11.285,679.46,611.07
2026-04-13,128.47,57.11,152.64,191.78,159.05,261.6,619.69,681.31,201.41,232.81,132.37,73.55,435.36,31.03,99.01,7.65,11.23,686.1,617.39
2026-04-14,123.85,55.95,149.24,187.02,147.09,259.68,611.58,680.13,202.81,235.43,135.7,73.66,445.09,31.28,98.8,7.9,11.21,694.46,628.6
2026-04-15,122.59,55.76,149.01,184.91,117.89,256.75,611.1,678.59,198.39,234.0,142.15,74.66,440.46,31.22,97.44,7.8,11.16,699.94,637.4
2026-04-16,125.84,56.58,151.98,188.15,125.28,262.74,607.49,672.77,195.85,229.03,142.76,74.41,440.08,31.38,103.05,7.72,11.14,701.66,640.47
2026-04-17,116.04,55.02,146.44,183.99,148.63,251.07,592.19,665.26,196.42,231.94,146.39,70.99,445.93,30.85,101.63,8.47,11.13,710.14,648.85
2026-04-20,121.32,55.07,147.68,183.25,138.7,252.35,581.28,656.98,195.79,231.85,145.89,69.83,442.09,31.09,103.12,8.03,11.155,708.72,646.79
2026-04-21,128.25,55.87,148.36,185.98,136.27,257.78,571.95,611.13,187.17,223.09,145.97,68.55,429.57,31.29,100.6,7.59,11.14,704.08,644.33
2026-04-22,129.4,56.54,149.5,186.32,128.05,257.48,555.43,589.62,180.91,219.15,152.62,68.61,435.26,31.57,103.8,7.54,11.095,711.21,655.11
2026-04-23,134.72,56.98,150.53,187.6,141.01,257.19,529.79,587.66,179.3,219.11,141.57,65.52,431.04,31.93,98.24,7.17,11.1,708.45,651.42
2026-04-24,132.4,56.87,148.91,185.21,139.77,257.09,513.45,575.11,174.26,215.8,143.09,61.26,433.25,31.88,98.56,7.34,11.08,713.94,663.88
2026-04-27,134.72,56.77,148.19,184.78,140.14,259.4,513.35,575.28,173.38,216.04,143.1,63.16,429.89,31.93,100.95,7.17,11.06,715.17,664.23
2026-04-28,139.6,57.71,150.56,188.36,154.6,264.98,512.29,577.82,175.68,216.21,141.18,61.66,421.91,31.99,97.91,6.99,11.05,711.69,657.55
2026-04-29,150.63,59.03,154.67,192.22,153.99,272.23,509.81,572.41,172.79,213.14,137.97,59.56,417.41,32.42,101.04,6.56,11.005,711.58,661.57
2026-04-30,147.09,59.65,154.33,193.31,163.34,274.95,517.97,579.48,176.07,218.56,139.11,63.05,423.66,32.59,105.43,6.56,10.957,718.66,667.74
2026-05-01,142.8,58.85,152.75,190.63,174.18,270.06,512.77,568.14,173.99,216.27,144.07,62.05,423.18,32.36,106.52,6.71,10.968,720.65,674.15
2026-05-04,147.61,59.39,153.69,192.28,172.236,272.85,518.15,567.0,172.9,214.33,146.03,61.93,414.71,32.69,102.12,6.17,10.945,718.01,672.88
2026-05-05,144.17,59.45,154.88,192.64,211.923,269.52,508.93,558.6,172.87,215.37,135.91,59.31,418.27,32.79,103.83,6.35,10.93,723.77,681.61
2026-05-06,133.95,57.0,148.69,185.16,185.58,261.42,514.26,559.6,176.74,223.42,133.79,61.52,430.96,32.31,109.04,7.1,10.925,733.83,695.77
2026-05-07,134.97,55.95,146.58,182.5,173.51,246.78,512.41,552.27,176.78,222.51,137.05,57.0,431.68,32.37,106.56,6.99,10.91,731.58,694.94
2026-05-08,133.59,55.7,144.57,181.62,167.37,240.11,506.51,549.52,176.09,223.49,137.8,57.89,433.77,32.5,106.38,6.91,10.92,737.62,711.23
2026-05-11,138.66,57.17,149.68,184.74,174.97,240.7,512.25,548.21,178.61,225.99,136.89,56.99,434.65,33.14,109.53,6.41,10.88,739.3,713.29
2026-05-12,144.3,57.57,150.63,185.95,174.39,244.31,521.0,558.3,178.89,225.39,136.0,57.33,432.93,33.47,108.03,6.11,10.845,738.18,707.24
2026-05-13,142.04,57.63,150.5482,186.0,179.04,239.38,519.94,551.8,178.11,225.71,130.05,52.49,430.5,33.24,106.26,6.3,10.82,742.31,714.71
2026-05-14,143.0,58.07,151.75,186.64,179.02,241.08,520.41,548.65,175.68,224.46,133.73,54.85,427.21,32.93,99.85,6.31,10.79,748.17,719.79
2026-05-15,148.23,59.44,157.92,191.1,180.23,241.84,516.01,540.69,171.18,217.27,133.99,52.09,417.29,32.62,96.57,6.03,10.74,739.17,708.93
2026-05-18,149.29,60.58,160.49,194.34,183.87,247.74,528.31,550.0,175.95,220.23,135.14,54.22,418.43,32.75,94.69,5.98,10.71,738.65,705.88
2026-05-19,152.96,61.29,162.55,197.25,190.64,246.77,526.63,556.34,174.49,218.32,135.26,53.47,411.5,32.83,92.13,5.83,10.7,733.73,701.53
2026-05-20,144.27,59.8,156.28,191.33,188.029,243.66,522.59,552.17,174.1247,223.28,137.15,55.82,417.4,32.43,95.18,6.23,10.72,741.25,713.15
2026-05-21,142.54,59.13,155.29,191.01,187.455,240.45,522.79,551.58,175.25,223.15,137.415,54.67,416.99,32.21,95.7,6.24,10.7,742.72,714.51
2026-05-22,140.92,59.49,154.92,191.43,173.78,240.85,533.24,555.58,177.01,225.37,136.88,56.18,413.82,32.14,96.82,6.36,10.695,745.64,717.54
2026-05-26,137.0,57.85,149.81,184.71,160.22,234.05,532.9,556.8,178.97,229.49,136.6,56.8,414.0,31.86,98.96,26.6,10.73,750.59,730.28
2026-05-27,131.03,56.99,147.9,182.4,150.01,230.97,531.14,551.34,176.59,230.48,132.51,57.3,408.49,31.43,98.03,27.48,10.72,750.46,729.45
2026-05-28,130.78,56.95,146.96,183.03,165.81,229.57,537.21,559.29,178.96,235.57,143.34,65.19,412.77,31.67,101.5,26.91,10.725,754.6,735.6
2026-05-29,129.09,56.29,145.26,182.46,158.86,224.86,530.45,563.68,179.66,235.44,156.54,64.13,417.12,31.6,99.63,27.49,10.71,756.48,738.31
2026-06-01,135.5,57.3,149.38,185.83,165.84,227.88,516.5,539.22,174.41,229.91,160.65,63.49,411.26,31.62,99.45,26.09,10.71,758.54,742.74
2026-06-02,137.27,57.96,149.56,187.55,180.315,236.01,513.43,536.59,174.26,228.33,152.17,63.27,411.95,31.89,102.18,25.4,10.715,759.57,746.16
2026-06-03,140.86,58.71,152.53,189.71,188.0,235.37,512.03,526.06,172.55,224.89,142.2,58.43,407.87,31.8,98.32,24.69,10.71,754.24,744.21
2026-06-04,136.74,58.75,152.04,188.35,210.01,241.07,519.05,545.17,179.41,231.57,141.7,63.4,411.27,31.53,97.0,25.69,10.69,757.09,740.61
2026-06-05,133.02,57.67,149.92,187.31,200.739,238.82,523.76,544.4,180.99,229.45,135.53,58.52,396.24,30.79,88.59,26.48,10.765,737.55,705.06
2026-06-08,135.15,58.33,151.75,189.24,196.54,236.61,520.07,540.81,178.66,227.26,136.47,57.73,397.27,30.96,87.42,25.34,10.715,739.22,716.07
2026-06-09,131.3,57.39,148.91,186.76,190.057,239.4,530.13,548.67,181.56,230.45,132.07,56.19,390.78,30.61,88.03,26.18,10.755,737.05,707.83
2026-06-10,134.3,58.25,150.62,189.8,189.78,241.81,525.02,542.14,177.41,224.87,130.21,54.82,374.58,30.27,85.13,25.23,10.82,725.43,693.69
2026-06-11,128.83,57.12,146.6,185.82,191.027,240.14,548.68,552.52,184.21,236.04,131.08,58.78,386.32,30.31,92.96,26.58,10.82,737.76,717.12
2026-06-12,125.43,57.55,147.01,187.22,199.9,241.28,540.33,550.33,183.53,233.79,127.99,57.75,386.54,30.17,95.5,28.03,10.755,741.75,721.34
2026-06-15,121.21,55.55,140.92,180.4,198.77,235.25,530.36,544.73,183.64,237.4,134.71,57.02,396.55,30.17,96.89,29.43,10.685,754.83,744.0
2026-06-16,115.47,55.36,141.86,180.11,195.59,230.86,535.95,551.21,186.77,239.52,133.25,56.34,397.63,30.09,96.78,31.15,10.672,748.402,729.86
2026-06-17,114.23,54.67,140.74,177.58,209.5,231.41,532.32,550.15,192.58,242.79,130.63,56.16,388.6,29.8,96.04,31.87,10.682,739.056,722.51
2026-06-18,114.87,53.77,137.81,173.63,211.96,227.03,510.95,521.5,185.6,238.99,128.47,54.21,387.12,29.91,95.55,31.84,10.66,746.74,740.62
2026-06-22,112.69,54.06,138.47,175.06,217.75,230.85,493.6,507.33,181.83,235.51,119.5,51.09,384.59,29.57,97.29,32.72,10.63,744.39,737.95
2026-06-23,111.26,54.46,139.73,175.98,205.81,234.22,503.67,513.22,186.39,235.93,116.7,50.8,377.32,29.42,91.82,33.15,10.74,733.58,713.65
2026-06-24,106.29,53.57,136.9,171.45,167.55,230.86,491.64,503.01,185.06,236.19,113.5,47.95,365.92,28.77,90.67,35.44,10.77,733.24,710.62
2026-06-25,109.31,54.09,137.55,172.24,150.0,235.1,505.02,499.33,186.59,237.38,107.27,46.32,369.46,29.38,89.21,33.78,10.79,734.3,716.38
2026-06-26,105.48,53.84,136.54,171.06,128.0,241.64,507.4,500.03,187.99,236.78,112.93,47.21,373.63,29.25,86.53,35.6,10.83,728.99,706.52
2026-06-29,107.08,53.58,136.06,168.47,154.12,243.97,502.07,496.02,187.33,239.13,115.7,46.95,368.58,28.95,86.38,34.83,10.72,741.0,724.08
2026-06-30,106.44,53.11,136.72,165.76,148.38,239.01,509.46,509.31,189.73,242.42,116.67,49.86,368.38,29.34,88.5,35.02,10.63,746.77,736.4
2026-07-01,103.27,52.81,136.28,165.69,148.98,243.92,521.82,519.95,191.78,243.86,125.73,53.04,370.6,29.51,87.66,36.13,10.635,745.76,725.17
2026-07-02,103.98,53.22,137.09,169.2,170.55,245.97,545.91,549.01,199.25,248.19,129.3,55.35,378.13,29.65,86.72,35.62,10.62,744.78,712.6
2026-07-06,104.35,53.13,136.44,168.1,170.04,246.09,538.0,547.75,201.37,250.78,132.54,53.54,382.13,30.48,85.34,35.25,10.6,751.28,722.82
2026-07-07,108.92,54.64,141.69,174.01,177.6,255.0,535.38,549.04,200.85,245.11,134.37,50.34,377.49,30.27,81.06,33.3,10.58,747.71,709.43
2026-07-08,112.21,55.6,141.13,175.97,208.18,260.94,527.96,545.11,194.91,239.63,132.22,50.38,374.45,30.97,79.65,31.67,10.58,745.4,711.44
2026-07-09,109.01,54.82,137.46,174.05,199.43,261.29,518.26,532.23,195.2,239.62,129.04,48.85,378.18,30.83,80.03,33.14,10.54,751.71,723.28
2026-07-10,108.7,55.08,138.88,176.4,203.35,258.64,523.22,539.63,195.93,239.06,126.79,48.19,377.01,30.57,79.76,33.15,10.54,754.95,725.51
2026-07-13,117.79,56.74,144.51,182.2,210.96,263.29,520.68,541.82,196.39,235.05,130.04,46.96,367.13,31.13,76.27,29.1,10.52,749.17,711.74
2026-07-14,120.17,56.95,145.09,181.76,257.35,265.03,514.99,528.67,193.39,235.27,133.72,50.36,372.15,31.58,79.14,28.72,10.53,751.83,719.69
2026-07-15,121.38,56.5,144.51,181.6,230.03,255.83,514.46,525.22,195.89,236.42,133.76,49.68,372.35,31.76,76.65,28.29,10.55,754.81,717.74
2026-07-16,119.3,57.02,145.95,183.86,229.27,259.0,513.52,518.65,194.36,230.89,134.44,46.96,364.96,31.43,73.23,28.83,10.56,750.72,705.94
2026-07-17,123.96,57.68,147.36,187.38,227.63,262.6,508.77,521.57,193.51,230.73,132.38,46.03,368.41,31.88,72.67,27.47,10.625,743.29,695.33
2026-07-20,125.51,57.94,148.36,189.71,225.24,264.95,509.54,523.96,194.44,229.27,134.85,45.94,367.6,31.9,69.85,27.17,10.58,742.09,696.06
2026-07-21,128.85,58.5,151.71,191.07,243.01,262.59,507.09,512.29,193.67,229.74,132.66,48.21,374.81,32.35,71.95,26.74,10.515,748.28,708.97
2026-07-22,131.68,59.2,154.45,192.98,238.01,267.4,514.36,525.28,194.88,231.11,124.57,47.89,379.12,32.61,70.96,26.37,10.49,747.41,705.35
2026-07-23,139.49,59.38,156.89,194.42,247.74,271.99,568.59,533.48,209.16,238.23,123.37,49.44,371.52,32.72,69.53,25.4,10.54,738.18,691.96
2026-07-24,136.69,59.62,156.94,194.79,240.231,269.72,582.6,542.24,212.79,240.14,122.92,47.35,371.9,32.5,67.51,25.58,10.54,738.93,684.23
2026-07-27,124.76,58.36,154.77,190.0,242.13,255.88,580.0,547.58,218.42,243.91,131.53,49.45,374.63,31.94,68.72,28.05,10.54,739.09,682.12
2026-07-28,120.49,57.57,153.04,187.58,238.06,252.18,581.31,549.22,218.58,244.98,123.53,48.64,369.37,31.66,66.09,29.59,10.555,740.86,675.49
2026-07-29,129.31,58.65,156.75,191.86,257.0,258.61,569.2,535.05,215.25,236.26,123.0,43.88,371.08,32.25,64.59,26.46,10.61,729.46,661.73
2026-07-30,127.48,58.96,156.97,192.31,263.901,258.06,574.11,534.85,214.38,238.13,122.26,46.17,377.16,32.15,66.45,27.43,10.5,741.69,683.55
2026-07-31,129.17,59.55,155.44,196.83,268.49,263.57,582.74,542.48,215.22,239.66,123.06,46.6,371.54,32.15,65.97,27.15,10.44,747.03,687.99
2026-08-03,122.12,58.79,155.06,193.18,259.367,258.08,586.29,548.47,216.65,246.08,125.65,49.21,371.71,31.75,67.63,28.96,10.39,757.67,700.07
2026-08-04,115.78,58.52,153.96,190.4,253.0,257.29,589.33,551.55,217.93,250.65,162.66,51.87,374.16,31.41,71.52,30.57,10.4,771.33,723.85
2026-08-05,114.88,57.31,151.63,186.41,257.11,254.76,577.6,557.47,222.31,252.28,158.43,55.34,389.64,31.91,72.46,30.91,10.39,769.79,717.3
2026-08-06,118.87,58.16,154.84,189.23,268.0,265.77,582.85,567.74,223.25,249.99,155.92,57.41,389.67,32.35,73.42,29.31,10.355,768.56,714.65
2026-08-07,117.98,57.5,153.04,186.56,287.205,256.14,587.95,571.58,223.03,250.75,172.01,60.77,398.47,32.65,77.04,29.41,10.365,773.26,723.03
2026-08-10,125.92,60.18,159.79,194.91,312.22,265.68,603.16,577.89,224.12,251.13,175.23,62.42,402.54,33.46,78.45,26.2,10.33,773.03,720.87
2026-08-11,127.61,60.93,159.8,196.66,338.83,265.43,597.77,575.69,223.86,251.9,174.94,63.73,400.96,33.48,76.72,25.83,10.35,770.56,718.45
2026-08-12,127.3,61.03,159.75,196.6,341.143,268.11,606.72,577.32,222.0224,251.62,171.04,63.82,404.92,33.72,77.03,25.9,10.34,772.49,723.7
2026-08-13,125.03,61.06,158.61,197.7,370.0,266.48,598.01,574.74,219.75,249.69,179.01,62.79,398.96,33.38,76.13,26.51,10.36,777.88,732.07
2026-08-14,126.6,61.91,160.1,200.0,379.12,271.64,608.68,585.87,222.97,253.22,174.04,64.58,401.48,33.64,78.55,26.05,10.34,776.34,731.07
2026-08-17,130.29,62.58,161.46,200.9463,379.24,266.93,593.74,570.2,221.64,251.2,172.55,63.29,405.49,34.34,78.93,24.59,10.33,772.67,729.87
2026-08-18,130.66,63.68,165.56,203.96,397.8,273.78,607.17,589.14,225.49,252.16,171.54,61.99,398.55,34.23,76.55,24.36,10.37,767.45,717.51
2026-08-19,130.91,63.58,164.77,205.76,429.75,274.3,589.15,582.84,220.35,246.15,175.19,60.56,413.84,34.66,75.99,24.58,10.39,769.06,716.08
2026-08-20,134.54,63.75,166.15,205.77,449.97,279.17,571.48,563.86,212.29,237.56,173.96,56.18,415.26,34.94,75.69,23.74,10.36,762.6,710.93
2026-08-21,134.64,63.64,165.11,205.27,468.41,277.51,563.57,551.03,209.91,237.34,179.94,57.17,423.36,35.19,80.75,23.61,10.315,765.72,713.44
2026-08-24,132.21,63.11,164.05,203.09,465.31,280.79,564.14,549.28,209.22,233.4,175.89,53.07,426.69,34.98,79.75,24.33,10.34,763.47,706.32
2026-08-25,126.15,62.06,160.64,199.89,448.78,278.8,556.52,542.52,210.28,234.3,172.73,52.64,428.07,34.8,79.12,25.97,10.38,765.91,710.72
2026-08-26,127.35,62.43,158.19,200.21,356.66,284.08,565.62,549.95,211.99,236.38,177.5,52.93,421.32,34.62,78.07,25.64,10.35,766.08,711.37
2026-08-27,130.01,62.29,156.44,199.77,425.23,280.8,565.89,545.13,212.08,234.26,185.93,53.69,422.6,34.87,79.25,25.09,10.32,771.1,721.11
2026-08-28,129.7,62.68,156.71,201.86,426.38,282.33,563.85,545.57,211.71,232.82,186.29,52.0,408.89,34.97,77.42,25.15,10.27,769.35,716.43
2026-08-31,133.7,63.96,160.95,206.14,416.72,291.69,561.23,539.7,207.73,228.35,186.38,50.98,408.42,35.34,77.52,23.97,10.24,767.05,716.76
